{"cameraMode":{"drawMode":0,"name":"Shaded","section":"Shading Mode"},"sceneLighting":true,"audioPlay":false,"sceneViewState":{"showFog":true,"showMaterialUpdate":false,"showSkybox":true,"showFlares":true,"showImageEffects":true,"showParticleSystems":true},"in2DMode":false,"pivot":{"x":-3.494741439819336,"y":-2.6133246421813967,"z":-0.14234161376953126},"rotation":{"x":-0.24964185059070588,"y":-0.30060243606567385,"z":0.08181390911340714,"w":-0.9169238805770874},"size":12.198840141296387,"orthographic":false}