{"cameraMode":{"drawMode":0,"name":"Shaded","section":"Shading Mode"},"sceneLighting":false,"audioPlay":false,"sceneViewState":{"showFog":true,"showMaterialUpdate":false,"showSkybox":false,"showFlares":true,"showImageEffects":true,"showParticleSystems":true},"in2DMode":false,"pivot":{"x":9.292719841003418,"y":1.498086929321289,"z":-0.6671995520591736},"rotation":{"x":-0.11896064877510071,"y":-0.3505379557609558,"z":0.04493141174316406,"w":-0.9279479384422302},"size":3.07934308052063,"orthographic":true}