{"cameraMode":{"drawMode":0,"name":"Shaded","section":"Shading Mode"},"sceneLighting":true,"audioPlay":false,"sceneViewState":{"showFog":true,"showMaterialUpdate":false,"showSkybox":false,"showFlares":true,"showImageEffects":true,"showParticleSystems":true},"in2DMode":false,"pivot":{"x":-27.027240753173829,"y":2.115872859954834,"z":79.13633728027344},"rotation":{"x":-0.3057745397090912,"y":-0.5661211609840393,"z":0.237925723195076,"w":-0.7277258634567261},"size":171.96405029296876,"orthographic":false}