{"cameraMode":{"drawMode":0,"name":"Shaded","section":"Shading Mode"},"sceneLighting":false,"audioPlay":false,"sceneViewState":{"showFog":true,"showMaterialUpdate":false,"showSkybox":false,"showFlares":true,"showImageEffects":true,"showParticleSystems":true},"in2DMode":false,"pivot":{"x":2.7606279850006105,"y":0.3149648606777191,"z":5.303564548492432},"rotation":{"x":-0.16822688281536103,"y":-0.09388785809278488,"z":0.016100388020277025,"w":-0.9811387658119202},"size":0.7863074541091919,"orthographic":false}