{"cameraMode":{"drawMode":0,"name":"Shaded","section":"Shading Mode"},"sceneLighting":false,"audioPlay":false,"sceneViewState":{"showFog":true,"showMaterialUpdate":false,"showSkybox":false,"showFlares":true,"showImageEffects":true,"showParticleSystems":true},"in2DMode":false,"pivot":{"x":2.7606279850006105,"y":0.3149648606777191,"z":5.303564548492432},"rotation":{"x":-0.07036329805850983,"y":-0.29843229055404665,"z":0.02206842415034771,"w":-0.9515793323516846},"size":2.2863073348999025,"orthographic":false}