{"cameraMode":{"drawMode":0,"name":"Shaded","section":"Shading Mode"},"sceneLighting":false,"audioPlay":false,"sceneViewState":{"showFog":true,"showMaterialUpdate":false,"showSkybox":false,"showFlares":true,"showImageEffects":true,"showParticleSystems":true},"in2DMode":false,"pivot":{"x":-3.75,"y":0.6299999952316284,"z":-4.936999797821045},"rotation":{"x":0.0028642171528190376,"y":-0.7300503849983215,"z":-0.00305850338190794,"w":-0.6833831071853638},"size":7.140939712524414,"orthographic":false}