{"cameraMode":{"drawMode":0,"name":"Shaded","section":"Shading Mode"},"sceneLighting":true,"audioPlay":false,"sceneViewState":{"showFog":true,"showMaterialUpdate":false,"showSkybox":true,"showFlares":true,"showImageEffects":true,"showParticleSystems":true},"in2DMode":false,"pivot":{"x":0.6708126068115234,"y":-1.511629581451416,"z":10.16566276550293},"rotation":{"x":-0.18300630152225495,"y":-0.28331640362739565,"z":0.055152539163827899,"w":-0.9398486018180847},"size":35.9425048828125,"orthographic":false}