{"cameraMode":{"drawMode":0,"name":"Shaded","section":"Shading Mode"},"sceneLighting":false,"audioPlay":false,"sceneViewState":{"showFog":true,"showMaterialUpdate":false,"showSkybox":false,"showFlares":true,"showImageEffects":true,"showParticleSystems":true},"in2DMode":false,"pivot":{"x":-0.0023358911275863649,"y":0.7029930949211121,"z":10.005112648010254},"rotation":{"x":-0.08708435297012329,"y":-0.8896437883377075,"z":0.4056568145751953,"w":-0.19103650748729707},"size":0.7657679915428162,"orthographic":false}