{"cameraMode":{"drawMode":0,"name":"Shaded","section":"Shading Mode"},"sceneLighting":true,"audioPlay":false,"sceneViewState":{"showFog":true,"showMaterialUpdate":false,"showSkybox":true,"showFlares":true,"showImageEffects":true,"showParticleSystems":true},"in2DMode":false,"pivot":{"x":-4.648725509643555,"y":6.882661819458008,"z":-27.597511291503908},"rotation":{"x":-0.0017932896735146642,"y":-0.9871358871459961,"z":0.1598098874092102,"w":-0.01096613984555006},"size":6.923946857452393,"orthographic":true}